Sample_Id,Site1_Region,Site1_Chromosome,Site2_Region,Site2_Chromosome,Class,Normal_Read_Count,Tumor_Paired_End_Read_Count,Tumor_Split_Read_Count,SV_Length,Tumor_Read_Count,Tumor_Variant_Count
P-0011192-T01-IM5,Promoter,5,IGR,5,DELETION,247,47,38,240693,497,47
P-0014099-T01-IM5,Intron,7,Intron,7,INVERSION,380258,74,70,95824008,778180,72
P-0010252-T01-IM5,IGR,10,Exon,5,TRANSLOCATION,0,70,21,0,0,69
P-0014421-T01-IM6,3_Prime_UTR,19,Promoter,10,TRANSLOCATION,0,18,20,0,0,18
P-0010222-T01-IM5,Exon,9,5_Prime_UTR,9,DELETION,24581,13,17,56228,20575,13
P-0013412-T01-IM5,Exon,12,IGR,11,TRANSLOCATION,0,30,0,0,0,28
P-0013412-T01-IM5,Exon,17,IGR,17,DELETION,20202,32,55,1278509,21216,32
P-0012107-T01-IM5,IGR,6,Exon,6,DELETION,5937,22,44,10073,3331,22
P-0008166-T01-IM5,Intron,7,Intron,7,INVERSION,7970,3,3,25253,183443,3
P-0004759-T01-IM5,IGR,X,Intron,13,TRANSLOCATION,0,35,23,0,0,34
P-0008785-T01-IM5,IGR,2,Exon,2,INVERSION,128661,96,84,11966612,124543,96
P-0007771-T01-IM5,Intron,19,IGR,17,TRANSLOCATION,0,13,33,0,0,13
P-0009501-T01-IM5,IGR,12,Intron,12,INVERSION,623,14,15,494173,617,14
P-0009833-T01-IM5,IGR,7,Exon,7,DELETION,24019,65,61,21278,20474,62
P-0008340-T01-IM5,Exon,1,Intron,1,DUPLICATION,55936,57,75,27469171,74697,55
P-0004778-T01-IM5,Intron,16,3_Prime_UTR,16,DELETION,4222,10,19,558,4121,9
P-0008322-T01-IM5,Intron,2,IGR,2,INVERSION,327510,102,99,53388250,306168,141
P-0005711-T01-IM5,Exon,13,IGR,13,INVERSION,91158,17,20,31899083,91720,17
P-0006414-T01-IM5,IGR,6,Exon,6,DELETION,6774,57,66,1474,6677,55
P-0004605-T01-IM5,Intron,14,5_Prime_UTR,13,TRANSLOCATION,0,30,14,0,0,22
P-0002890-T01-IM3,IGR,X,Exon,4,TRANSLOCATION,0,40,53,0,0,40
P-0001867-T01-IM3,Exon,5,IGR,5,DELETION,36212,22,84,15607,16865,63
P-0008382-T01-IM5,Exon,11,IGR,11,DELETION,79314,63,57,12062554,80898,62
P-0009434-T01-IM5,Intron,17,IGR,15,TRANSLOCATION,0,14,21,0,0,11
P-0008036-T01-IM5,Exon,3,5_Prime_UTR,3,DELETION,181,17,0,685,75,16
P-0009105-T01-IM5,IGR,X,Exon,17,TRANSLOCATION,0,40,16,0,0,38
P-0005792-T01-IM5,Exon,10,IGR,10,DUPLICATION,214725,102,112,12426801,172301,156
P-0004492-T01-IM5,Intron,12,IGR,1,TRANSLOCATION,0,16,13,0,0,13
P-0015010-T01-IM6,Exon,5,IGR,5,DELETION,18113,17,29,14078,14013,16
P-0010099-T01-IM5,Exon,16,IGR,16,INVERSION,231134,12,20,12578664,205143,12
P-0006281-T01-IM5,Exon,19,IGR,19,INVERSION,61,13,7,1393,92,12
P-0009756-T01-IM5,Exon,6,IGR,6,DELETION,79891,36,38,47196,67482,36
P-0013861-T01-IM5,Intron,1,Intron,1,DUPLICATION,101797,7,7,925730,108893,3
P-0013089-T01-IM5,Exon,3,5_Prime_UTR,3,DELETION,13897,23,34,86883,7448,15
P-0007971-T01-IM5,IGR,14,Exon,10,TRANSLOCATION,0,86,24,0,0,84
P-0002792-T01-IM3,3_Prime_UTR,17,Exon,15,TRANSLOCATION,0,33,72,0,0,33
P-0011440-T01-IM5,IGR,2,Exon,2,DELETION,53875,30,45,6139427,31055,30
P-0007014-T01-IM5,IGR,20,Exon,17,TRANSLOCATION,0,102,29,0,0,102
P-0009106-T01-IM5,Intron,4,5_Prime_UTR,4,DUPLICATION,105844,5,14,425924,171570,5
P-0005855-T01-IM5,IGR,6,Exon,6,DUPLICATION,6212,43,80,6759,8545,37
P-0008061-T01-IM5,IGR,5,Exon,5,INVERSION,70414,5,21,7995838,48436,5
P-0008169-T01-IM5,3_Prime_UTR,X,Exon,X,INVERSION,51475,29,24,173882,41920,25
P-0011439-T01-IM5,Intron,11,IGR,11,DELETION,23077,99,56,470734,15332,93
P-0021454-T01-IM6,IGR,9,Exon,9,DELETION,18833,32,10,149260,14210,33
P-0021503-T01-IM6,IGR,13,Exon,3,TRANSLOCATION,0,29,10,0,0,41
P-0021503-T01-IM6,Intron,21,5_Prime_UTR,6,TRANSLOCATION,0,65,10,0,0,69
P-0022510-T01-IM6,IGR,13,Exon,9,TRANSLOCATION,0,34,10,0,0,54
P-0022788-T01-IM6,Exon,6,IGR,4,TRANSLOCATION,0,8,0,0,0,7
P-0008537-T01-IM5,IGR,X,Exon,X,DELETION,39221,10,14,3342130,37485,10
P-0024205-T01-IM6,3_Prime_UTR,19,Intron,19,DELETION,3694,5,10,99706,6987,5
P-0024530-T01-IM6,Intron,20,Intron,20,DELETION,26048,7,6,248450,34627,7
P-0024530-T01-IM6,IGR,3,Exon,3,DELETION,118902,18,10,37495617,189583,22
P-0025224-T01-IM6,Intron,19,IGR,19,INVERSION,660023,12,10,36208528,355065,15
P-0002305-T01-IM3,IGR,7,Intron,7,INVERSION,124692,102,177,12296419,509153,94
P-0006667-T01-IM5,IGR,15,Exon,15,DELETION,141373,75,67,2483650,124268,70
P-0006768-T01-IM5,Intron,7,Intron,7,INVERSION,32086,23,25,50197,330598,17
P-0006869-T01-IM5,Intron,10,Exon,6,TRANSLOCATION,0,24,0,0,0,24
P-0006869-T01-IM5,Exon,6,IGR,5,TRANSLOCATION,0,15,54,0,0,15
P-0006869-T01-IM5,IGR,6,Exon,6,INVERSION,170041,20,30,13470603,167589,20
P-0007281-T01-IM5,IGR,13,3_Prime_UTR,13,DELETION,591,32,23,9656,594,30
P-0007917-T01-IM5,IGR,20,Intron,4,TRANSLOCATION,0,52,0,0,0,49
P-0007977-T01-IM5,Exon,9,5_Prime_UTR,9,DELETION,9618,27,34,94666,6925,19
P-0008168-T01-IM5,Intron,17,IGR,17,DUPLICATION,18296,35,39,223127,19150,25
P-0008434-T01-IM5,Intron,12,IGR,12,DUPLICATION,170324,40,48,4989293,180468,38
P-0009431-T01-IM5,Exon,10,3_Prime_UTR,10,INVERSION,34322,43,48,17365943,44442,43
P-0013232-T01-IM5,Exon,16,Intron,16,DELETION,39440,25,40,225878,29023,25
P-0022034-T01-IM6,Promoter,20,Intron,19,TRANSLOCATION,0,12,10,0,0,13
P-0015078-T01-IM6,Exon,12,IGR,12,DUPLICATION,2686,34,40,83741,3628,34
P-0015331-T01-IM6,Intron,11,Exon,11,INVERSION,444729,15,27,53307442,361289,13
P-0015600-T01-IM6,3_Prime_UTR,6,Intron,6,DUPLICATION,40171,62,72,339234,46038,62
P-0016175-T01-IM6,Intron,20,IGR,6,TRANSLOCATION,0,18,10,0,0,18
P-0016226-T01-IM6,IGR,18,Intron,18,DUPLICATION,50356,26,10,29819307,98008,26
P-0016238-T01-IM6,IGR,1,Exon,1,DUPLICATION,50191,56,10,426763,190761,67
P-0016697-T01-IM6,Intron,12,Intron,12,DELETION,74661,41,10,38530389,146066,
P-0016724-T01-IM6,IGR,19,Intron,19,DELETION,2625,15,10,280117,5820,16
P-0016910-T01-IM6,IGR,12,Exon,12,INVERSION,20461,63,10,227733,45604,61
P-0016918-T01-IM6,IGR,6,Intron,2,TRANSLOCATION,0,5,10,0,0,9
P-0016931-T01-IM6,IGR,6,Intron,2,TRANSLOCATION,0,38,10,0,0,38
P-0017769-T01-IM6,Exon,13,IGR,13,INVERSION,14652,14,10,8281144,38745,23
P-0018464-T01-IM6,IGR,6,Exon,6,DELETION,14940,24,10,118415,17128,25
P-0018673-T01-IM6,Promoter,5,Exon,1,TRANSLOCATION,0,10,0,0,0,12
P-0018800-T01-IM6,IGR,10,Exon,10,DELETION,1580,63,10,232905,1785,63
P-0018925-T01-IM6,Intron,16,Exon,16,INVERSION,2839,3,5,858,3352,4
P-0020086-T01-IM6,Exon,15,IGR,8,TRANSLOCATION,0,16,0,0,0,5
P-0020167-T01-IM6,Exon,6,IGR,6,DUPLICATION,2043,20,10,384166,4046,20
P-0026063-T01-IM6,Exon,4,IGR,4,DELETION,40518,11,10,175943,21147,13
P-0003132-T01-IM5,3_Prime_UTR,12,Intron,12,DELETION,129232,27,43,33334,76138,29
P-0022703-T01-IM6,Exon,19,IGR,19,DELETION,35430,23,10,58432,18209,23
P-0003350-T01-IM5,Intron,6,Exon,6,INVERSION,691210,51,66,96784602,490497,94
P-0003560-T01-IM5,Exon,5,IGR,5,INVERSION,4065,26,42,9882,2437,24
P-0013106-T01-IM5,Exon,19,IGR,19,DELETION,106010,102,117,5873399,152505,158
P-0002469-T01-IM3,Intron,3,Exon,3,INVERSION,11012,24,41,5803,10313,23
P-0009324-T02-IM5,Intron,12,IGR,12,DELETION,73529,42,91,128495,58012,42
P-0001710-T01-IM3,Exon,5,IGR,5,DELETION,12305,5,13,16414,5963,5
P-0003871-T01-IM5,Exon,17,IGR,17,INVERSION,912430,102,104,61744383,1096290,153
P-0003871-T01-IM5,IGR,7,Intron,7,INVERSION,332153,15,24,32393761,565724,15
P-0013025-T01-IM5,Exon,12,IGR,12,INVERSION,56458,24,41,9463173,45493,24
P-0015984-T01-IM6,Intron,4,3_Prime_UTR,4,DUPLICATION,29923,5,0,71616,46056,5
P-0020065-T01-IM6,Exon,12,Exon,12,INVERSION,11808,2,8,1078,15559,2
P-0020065-T01-IM6,Intron,20,Intron,20,INVERSION,15379,12,10,455264,22021,12
P-0020986-T01-IM6,IGR,4,Intron,4,DELETION,24790,37,10,2006281,50775,41
P-0004871-T01-IM5,Intron,7,IGR,7,INVERSION,275326,18,22,15647943,279421,18
P-0007293-T01-IM5,IGR,4,Exon,3,TRANSLOCATION,0,27,15,0,0,26
P-0013845-T01-IM5,Intron,12,IGR,12,INVERSION,596760,10,11,65306968,626542,10
P-0015717-T01-IM6,Intron,15,Exon,9,TRANSLOCATION,0,102,44,0,0,136
P-0015717-T01-IM6,IGR,5,Exon,5,INVERSION,238466,102,109,21971633,382975,117
P-0015717-T01-IM6,Intron,9,Exon,5,TRANSLOCATION,0,102,0,0,0,217
P-0006713-T01-IM5,IGR,17,5_Prime_UTR,1,TRANSLOCATION,0,94,32,0,0,90
P-0021841-T01-IM6,Exon,19,Intron,1,TRANSLOCATION,0,56,10,0,0,57
P-0013956-T01-IM5,Exon,13,Exon,13,INVERSION,32642,74,86,2694,22149,72
P-0013304-T01-IM5,Intron,1,Intron,1,DELETION,1310,7,14,74816,867,5
P-0015085-T01-IM6,Intron,19,Intron,19,INVERSION,754971,10,32,43768902,814581,9
P-0008332-T01-IM5,Intron,2,Intron,2,DUPLICATION,44905,85,91,13076572,54428,82
P-0006071-T01-IM5,Exon,20,Intron,20,INVERSION,15949,102,125,6689,25441,198
P-0004996-T02-IM5,Exon,7,Intron,7,DELETION,45508,12,17,11318759,44672,11
P-0005309-T01-IM5,Exon,17,Intron,17,INVERSION,966,18,0,565,831,19
P-0006077-T01-IM5,Exon,17,Intron,17,INVERSION,27649,102,123,6491,35308,168
P-0007556-T01-IM5,Intron,13,Exon,13,INVERSION,6022,8,13,3683,7092,8
P-0020649-T01-IM6,Intron,4,Intron,3,TRANSLOCATION,0,73,10,0,0,71
P-0023790-T01-IM6,Intron,1,Exon,1,INVERSION,370296,28,10,77806312,422681,37
P-0025146-T01-IM6,Exon,19,Intron,19,INVERSION,33588,4,10,266294,52215,32
P-0009364-T01-IM5,Exon,3,Intron,3,INVERSION,4368,7,18,4257,4307,7
P-0014682-T01-IM6,Promoter,17,Intron,17,DELETION,21422,13,0,368678,22235,11
P-0015122-T01-IM6,Exon,5,Intron,5,DUPLICATION,116399,49,56,3587623,141054,49
P-0016175-T01-IM6,Intron,6,Intron,6,INVERSION,190062,68,10,51453142,234373,96
P-0018927-T01-IM6,Promoter,X,Exon,X,DELETION,16418,46,10,4196475,12776,48
P-0020047-T01-IM6,Exon,16,Intron,15,TRANSLOCATION,0,10,10,0,0,12
P-0020122-T01-IM6,Exon,3,Intron,3,DELETION,34726,67,10,572987,127318,398
P-0027031-T01-IM6,Exon,3,Intron,3,DUPLICATION,118277,12,10,45040605,114955,17
P-0013106-T01-IM5,Exon,16,Intron,16,DELETION,33490,5,9,28014,31761,5
P-0020592-T01-IM6,5_Prime_UTR,6,Intron,6,DELETION,909711,43,10,95759525,1093458,44
P-0003521-T02-IM5,Intron,2,Exon,2,INVERSION,7727,8,11,34317,6327,8
P-0005583-T01-IM5,Exon,11,Intron,11,DELETION,126894,64,84,14582538,75428,63
P-0005493-T01-IM5,Exon,19,Intron,19,INVERSION,65129,102,127,1871506,73406,182
P-0005493-T01-IM5,Exon,19,Intron,19,INVERSION,242071,102,78,8120964,323571,99
P-0013204-T01-IM5,Intron,1,Exon,1,DELETION,20813,60,65,530158,7332,60
P-0014137-T01-IM5,Intron,22,Intron,22,INVERSION,108541,38,67,15115886,162411,37
P-0022001-T01-IM6,Promoter,9,Intron,9,DELETION,14433,5,7,141908,13637,5
P-0016809-T01-IM6,Intron,13,Intron,13,DELETION,648,12,10,1524,922,12
P-0019226-T01-IM6,Intron,12,Intron,12,DELETION,82637,15,10,17062,90137,16
P-0021507-T01-IM6,Intron,19,Intron,19,DELETION,1846,125,10,2606,204,139
P-0006077-T01-IM5,Intron,9,Intron,9,DELETION,6590,74,0,1067,2032,61
P-0005725-T01-IM5,Intron,3,Intron,3,DELETION,1909,46,50,2626,1383,46
P-0007971-T01-IM5,Intron,9,Intron,9,DELETION,1452,6,9,11429,1096,6
P-0007622-T01-IM5,Intron,X,Intron,X,DELETION,11552,36,41,95155,9513,36
P-0007114-T01-IM5,Intron,16,Intron,16,DELETION,49026,11,13,43167,37928,9
P-0013544-T02-IM6,Intron,7,Intron,7,DELETION,2018,5,10,2863,5500,5
P-0019351-T01-IM6,Intron,17,Intron,17,DELETION,49408,10,10,23806,209252,10
P-0019771-T01-IM6,Intron,15,Intron,15,DELETION,3480,11,10,4751,2647,12
P-0001260-T01-IM3,Intron,16,Intron,16,DELETION,8402,9,21,4210,6143,9
P-0005539-T01-IM5,Intron,7,Intron,7,DELETION,12393,101,494,5724,25255,905
P-0011149-T01-IM5,Intron,7,Intron,7,DELETION,8054,11,15,5874,8158,11
P-0001756-T01-IM3,Intron,2,Intron,2,DELETION,4580,25,50,3731,1746,30
P-0026298-T01-IM6,Intron,19,Intron,19,DELETION,3332,36,10,5734,4297,36
P-0005109-T01-IM5,Intron,7,Intron,7,DELETION,50127,45,47,36383,57206,42
P-0003872-T01-IM5,Intron,7,Intron,7,DELETION,136977,34,49,24055,98351,39
P-0016256-T01-IM6,Intron,7,Intron,7,DELETION,11797,54,10,26828,249510,64
P-0016691-T01-IM6,Intron,7,Intron,7,DELETION,12559,61,10,127942,20603,250
P-0011219-T01-IM5,Intron,7,Intron,7,DELETION,19706,101,426,41290,494586,952
P-0010004-T01-IM5,Intron,7,Intron,7,DELETION,18024,6,11,85836,276923,6
P-0008258-T01-IM5,Intron,7,Intron,7,DELETION,16456,102,396,13740,90122,763
P-0007314-T01-IM5,Intron,7,Intron,7,DELETION,24049,10,0,76711,718555,10
P-0009711-T01-IM5,Intron,7,Intron,7,DELETION,25164,13,13,64643,108885,13
P-0006667-T01-IM5,Intron,7,Intron,7,DELETION,15412,48,42,30192,16117,42
P-0009451-T01-IM5,Intron,7,Intron,7,DELETION,14156,102,417,20429,175226,802
P-0010344-T01-IM5,Intron,7,Intron,7,DELETION,15528,101,258,102381,26138,413
P-0015369-T01-IM6,Intron,7,Intron,7,DELETION,8977,101,222,70348,48124,1162
P-0003456-T01-IM5,Intron,7,Intron,7,DELETION,9895,10,20,127221,124827,12
P-0005912-T01-IM5,Intron,7,Intron,7,DELETION,18572,52,39,29638,436614,48
P-0006500-T01-IM5,Intron,7,Intron,7,DELETION,14940,43,60,38165,294268,43
P-0003783-T01-IM5,Intron,7,Intron,7,DELETION,17806,18,253,130556,192387,1686
P-0005963-T01-IM5,Intron,7,Intron,7,DELETION,25388,62,739,44798,34901,2105
P-0006045-T01-IM5,Intron,7,Intron,7,DELETION,22495,102,821,38603,506725,2014
P-0007504-T01-IM5,Intron,7,Intron,7,DELETION,20049,9,18,120382,227242,9
P-0008257-T01-IM5,Intron,7,Intron,7,DELETION,12676,3,4,90928,180209,3
P-0011119-T01-IM5,Intron,7,Intron,7,DELETION,21453,102,644,61886,74116,1777
P-0014006-T01-IM5,Intron,7,Intron,7,DELETION,17203,102,143,37029,294269,270
P-0004140-T01-IM5,Intron,7,Intron,7,DELETION,93829,38,39,62752,96140,39
P-0005239-T01-IM5,Intron,19,Intron,19,DELETION,16348,5,11,11745,18521,5
P-0006071-T01-IM5,5_Prime_UTR,16,Promoter,16,DELETION,1039,49,0,805,559,48
P-0004827-T01-IM5,Intron,17,5_Prime_UTR,17,DELETION,3850,20,25,1688,3681,19
P-0021528-T01-IM6,Intron,17,Promoter,17,DELETION,11127,32,10,2917,8555,32
P-0016918-T01-IM6,Intron,17,5_Prime_UTR,17,DELETION,7490,29,10,2524,8686,29
P-0004329-T01-IM5,Intron,3,5_Prime_UTR,3,DELETION,7451,21,19,280142,6344,20
P-0022502-T01-IM6,Exon,9,Exon,9,DELETION,9447,86,0,1104,15164,89
P-0023194-T01-IM6,Intron,10,Exon,10,DELETION,5924,11,10,1266,6076,11
P-0023194-T01-IM6,Exon,17,Intron,17,DELETION,5137,60,10,977,4782,67
P-0024054-T01-IM6,Exon,5,Promoter,5,DELETION,24584,7,10,8178,23964,8
P-0024243-T01-IM6,Intron,11,Exon,11,DELETION,2151,26,10,1755,1688,26
P-0025224-T01-IM6,Exon,3,Intron,3,DELETION,4832,4,10,11033,2591,4
P-0024263-T01-IM6,Promoter,13,Exon,13,DELETION,505,13,10,1586,233,13
P-0015937-T01-IM6,Exon,7,Exon,7,DELETION,1032,5,0,748,434,7
P-0016308-T01-IM6,Exon,19,Intron,19,DELETION,27578,22,10,37070,48086,23
P-0016614-T01-IM6,Exon,22,Intron,22,DELETION,13219,6,10,22499,27220,6
P-0018931-T01-IM6,Intron,19,Exon,19,DELETION,1454,8,0,1515,554,8
P-0019407-T01-IM6,Exon,7,Exon,7,DELETION,23867,32,10,15318,29030,33
P-0015920-T01-IM6,Intron,1,Exon,1,DELETION,1635,19,10,1368,1308,22
P-0015920-T01-IM6,Exon,1,Intron,1,DELETION,4632,13,10,2875,6788,15
P-0015920-T01-IM6,Exon,17,Intron,17,DELETION,517,17,10,4844,380,22
P-0021532-T01-IM6,Exon,2,Intron,2,DELETION,1206,31,10,1387,1246,31
P-0012925-T01-IM5,Exon,17,5_Prime_UTR,17,DELETION,4231,14,16,2147,869,14
P-0014513-T01-IM6,Exon,9,Intron,9,DELETION,2611,34,41,5161,1505,33
P-0012107-T01-IM5,Exon,22,Exon,22,DELETION,2801,20,0,1215,2170,19
P-0010238-T01-IM5,Exon,5,Exon,5,DELETION,12737,99,125,1724,1999,99
P-0004759-T01-IM5,Intron,19,Exon,19,DELETION,5009,18,45,4943,2600,18
P-0004759-T01-IM5,Exon,19,Intron,19,DELETION,21586,15,15,8682,9639,14
P-0009100-T01-IM5,Intron,16,Exon,16,DELETION,20769,76,75,5495,19262,74
P-0006895-T01-IM5,Exon,9,Intron,9,DELETION,458,23,23,3146,357,15
P-0002603-T01-IM3,Exon,9,Intron,9,DELETION,321,15,0,569,265,17
P-0007995-T01-IM5,5_Prime_UTR,3,Exon,3,DELETION,5449,44,50,20907,3443,43
P-0010588-T01-IM5,Exon,16,5_Prime_UTR,16,DELETION,75283,34,51,233855,52755,34
P-0009469-T01-IM5,Exon,16,Intron,16,DELETION,628,7,26,2095,610,7
P-0008434-T01-IM5,Exon,X,Intron,X,DELETION,3537,43,41,9329,2797,42
P-0009714-T01-IM5,Exon,19,Intron,19,DELETION,5836,90,115,1636,4385,90
P-0014071-T01-IM5,Exon,4,Exon,4,DELETION,8549,102,495,3908,9484,1293
P-0009743-T01-IM5,Intron,17,Exon,17,DELETION,6521,101,0,841,3927,104
P-0005180-T01-IM5,Intron,6,Exon,6,DELETION,19840,13,27,36816,8714,13
P-0003521-T02-IM5,Exon,3,Intron,3,DELETION,585,13,20,21615,800,13
P-0002165-T01-IM3,Exon,10,Intron,10,DELETION,42348,20,83,99897,20602,17
P-0002265-T01-IM3,Exon,7,Intron,7,DELETION,4101,46,86,2671,71649,56
P-0006416-T01-IM5,Intron,7,Exon,7,DELETION,11015,101,593,119017,121309,965
P-0015415-T01-IM6,Intron,11,Exon,11,DELETION,5912,37,36,6065,2349,36
P-0003700-T01-IM5,Intron,1,Intron,1,DUPLICATION,2128,5,16,3447,2705,5
P-0006639-T01-IM5,Intron,10,Intron,10,DUPLICATION,975,5,10,1313,863,4
P-0008161-T01-IM5,Intron,17,Intron,17,DUPLICATION,4932,56,43,10176,4628,50
P-0015713-T01-IM6,Intron,13,Intron,13,DUPLICATION,2100,44,36,6786,2435,44
P-0020169-T01-IM6,Intron,9,Intron,9,DUPLICATION,6093,3,9,7518,4600,3
P-0020175-T01-IM6,Intron,19,Intron,19,DUPLICATION,6861,4,10,3104,9229,4
P-0005712-T01-IM5,Intron,1,Intron,1,DUPLICATION,7315,72,67,7262,12373,70
P-0021993-T01-IM6,Intron,8,Intron,8,DUPLICATION,9656,36,10,48621,12912,36
P-0004140-T01-IM5,Intron,17,Intron,17,DUPLICATION,8391,5,9,13944,8966,5
P-0006268-T01-IM5,Intron,7,Intron,7,DUPLICATION,12482,5,12,28271,23514,5
P-0005176-T01-IM5,Intron,13,Intron,13,DUPLICATION,6011,60,44,21889,7560,56
P-0004961-T01-IM5,Intron,7,Intron,7,DUPLICATION,17298,4,3,27840,16343,2
P-0014470-T01-IM6,Exon,17,Intron,17,DUPLICATION,394,16,33,4109,500,16
P-0013309-T01-IM5,Exon,17,Intron,17,DUPLICATION,261,19,28,2078,238,19
P-0012516-T01-IM5,Intron,3,Exon,3,DUPLICATION,25328,14,16,7800,21396,14
P-0005144-T01-IM5,Intron,17,Exon,17,DUPLICATION,10344,24,42,42349,11591,24
P-0008187-T01-IM5,Intron,13,Exon,13,DUPLICATION,9623,45,46,3869,17650,45
P-0005712-T01-IM5,Exon,12,Intron,12,DUPLICATION,2006,15,25,11605,2484,15
P-0006535-T01-IM5,Exon,13,Intron,13,DUPLICATION,17532,57,38,45708,21192,55
P-0008798-T01-IM5,Intron,3,Exon,3,DUPLICATION,9984,45,63,18487,12185,45
P-0005176-T01-IM5,Intron,10,Exon,10,DUPLICATION,3435,14,13,33143,3857,12
P-0005176-T01-IM5,Exon,22,Intron,22,DUPLICATION,775,31,31,3528,1259,31
P-0000447-T01-IM3,Intron,10,Exon,10,DUPLICATION,457,21,38,1997,291,14
P-0005855-T01-IM5,Exon,9,Intron,9,DUPLICATION,593,23,34,5959,580,20
P-0004518-T01-IM5,Intron,15,Exon,15,DUPLICATION,1271,24,30,1723,1130,24
P-0008290-T01-IM5,Exon,X,Intron,X,DUPLICATION,17877,32,32,9515,21772,29
P-0018541-T01-IM6,Intron,2,Intron,2,DUPLICATION,435317,2,9,112647905,819833,2
P-0016256-T01-IM6,Intron,7,Intron,7,INVERSION,29062,20,10,599335,560413,19
P-0020156-T01-IM6,Intron,22,Intron,22,DUPLICATION,65109,29,10,64447,85245,30
P-0023749-T01-IM6,Intron,19,Intron,5,TRANSLOCATION,0,21,10,0,0,33
P-0016238-T01-IM6,Intron,4,Intron,4,DUPLICATION,17665,70,10,67931,101805,127
P-0016063-T01-IM6,Intron,21,Intron,21,DELETION,29335,77,10,2991560,21332,79
P-0007861-T01-IM5,Intron,7,Intron,7,INVERSION,117013,3,8,10335294,133074,3
P-0010945-T01-IM5,Intron,7,Intron,7,INVERSION,28761,11,12,770403,30557,11
P-0000227-T01-IM3,Intron,22,Intron,12,TRANSLOCATION,0,6,12,0,0,9
P-0004752-T01-IM5,Intron,8,Intron,5,TRANSLOCATION,0,14,16,0,0,14
P-0010760-T01-IM5,Intron,6,Intron,5,TRANSLOCATION,0,27,16,0,0,26
P-0004203-T01-IM5,Intron,9,Intron,7,TRANSLOCATION,0,71,25,0,0,62
P-0003871-T01-IM5,Intron,17,Intron,17,INVERSION,516730,10,7,32504650,521116,6
P-0009364-T01-IM5,Intron,8,Intron,8,DELETION,94,102,81,201133,133,159
P-0003913-T01-IM3,Intron,2,Intron,2,INVERSION,78053,102,91,13076123,51159,133
P-0000227-T01-IM3,Intron,22,Intron,12,TRANSLOCATION,0,3,0,0,0,9
P-0003272-T01-IM5,Intron,22,Intron,11,TRANSLOCATION,0,11,15,0,0,41
P-0006047-T02-IM5,Intron,6,Intron,6,DELETION,427144,24,28,41544090,378221,22
P-0003097-T01-IM5,Intron,4,Intron,4,DUPLICATION,25075,73,94,75987,26784,78
P-0010082-T01-IM5,Intron,3,Intron,1,TRANSLOCATION,0,37,0,0,0,36
P-0005121-T02-IM5,Intron,7,Intron,7,DUPLICATION,88550,62,57,1940981,163362,58
P-0000208-T01-IM3,Intron,10,Intron,10,INVERSION,102491,77,65,11297712,100430,77
P-0010581-T01-IM5,Intron,1,Intron,1,DELETION,31182,25,46,741173,27534,13
P-0015445-T01-IM6,Intron,3,Intron,3,DELETION,362340,6,5,39511291,309335,4
P-0005177-T01-IM5,Intron,X,Intron,X,INVERSION,109392,11,11,21622722,162354,6
P-0003507-T01-IM5,Intron,6,Intron,6,INVERSION,286637,9,12,6221326,236297,9
P-0004103-T01-IM5,Intron,7,Intron,7,INVERSION,65280,25,27,13128185,56508,25
P-0004827-T01-IM5,Intron,2,Intron,2,DELETION,31492,15,19,288729,26278,15
P-0021915-T01-IM6,Intron,7,Exon,1,TRANSLOCATION,0,6,10,0,0,8
P-0020714-T01-IM6,Exon,1,Intron,1,DELETION,70779,18,10,134554,39490,18
P-0020714-T01-IM6,Intron,19,Exon,19,DUPLICATION,85345,33,10,1355588,82501,36
P-0016188-T01-IM6,Intron,19,Exon,1,TRANSLOCATION,0,29,10,0,0,31
P-0016624-T01-IM6,Exon,4,Intron,4,DUPLICATION,34750,57,10,76118,79559,61
P-0025146-T01-IM6,Promoter,8,Exon,8,DUPLICATION,25612,46,10,372015,47213,48
P-0016809-T01-IM6,5_Prime_UTR,2,Exon,2,INVERSION,10463,3,6,2038450,13993,4
P-0027041-T01-IM6,Exon,13,Intron,13,DUPLICATION,4704,15,10,477595,16294,15
P-0025224-T01-IM6,Exon,12,Intron,7,TRANSLOCATION,0,6,10,0,0,7
P-0022001-T01-IM6,Intron,12,Exon,12,DELETION,145357,14,10,19514059,272740,31
P-0022688-T01-IM6,Exon,15,Intron,15,DUPLICATION,144598,4,10,29139286,188403,4
P-0024544-T01-IM6,Exon,15,Intron,15,DELETION,49549,2,5,92192,33670,2
P-0019351-T01-IM6,Intron,8,Exon,8,INVERSION,42585,7,10,23223482,39247,7
P-0018568-T01-IM6,Intron,9,Exon,9,DELETION,5712,78,10,25712,8478,87
P-0024243-T01-IM6,Promoter,8,Exon,6,TRANSLOCATION,0,10,10,0,0,15
P-0021255-T01-IM6,Promoter,14,Exon,13,TRANSLOCATION,0,24,10,0,0,23
P-0020714-T01-IM6,Intron,8,Exon,8,DELETION,26217,29,10,80892,18154,37
P-0016048-T01-IM6,Exon,4,Intron,4,DELETION,11393,12,10,12351046,13518,15
P-0018986-T01-IM6,Exon,3,Intron,3,DUPLICATION,7559,5,10,79753,10241,8
P-0016546-T01-IM6,5_Prime_UTR,1,Exon,1,DUPLICATION,18495,10,10,731053,39161,10
P-0016237-T01-IM6,Promoter,16,Exon,16,DELETION,3568,44,10,614732,4542,51
P-0010742-T01-IM5,Intron,12,Exon,5,TRANSLOCATION,0,16,0,0,0,15
P-0010613-T01-IM5,Exon,13,Intron,13,DELETION,129312,61,89,67317993,92596,60
P-0008939-T01-IM5,Intron,1,Exon,1,DELETION,53437,27,31,2771647,42299,26
P-0011180-T01-IM5,Intron,8,Exon,5,TRANSLOCATION,0,8,0,0,0,7
P-0009347-T01-IM5,Exon,9,5_Prime_UTR,9,INVERSION,11355,24,63,9201,8683,13
P-0011219-T01-IM5,Exon,1,Intron,1,DELETION,1627,32,28,294660,948,31
P-0006842-T01-IM5,Exon,19,Promoter,19,DUPLICATION,53777,19,16,429423,50591,9
P-0003009-T01-IM3,5_Prime_UTR,4,Exon,4,DELETION,72118,20,42,725665,55275,25
P-0002351-T01-IM3,Exon,4,Exon,4,DUPLICATION,34321,21,47,71843,42233,22
P-0005361-T01-IM5,Intron,4,Exon,4,DUPLICATION,7485,5,5,60250,8766,5
P-0010184-T01-IM5,Exon,X,Intron,1,TRANSLOCATION,0,15,18,0,0,15
P-0005121-T02-IM5,Exon,19,Intron,19,DUPLICATION,56459,42,35,56185,71088,42
P-0012993-T01-IM5,5_Prime_UTR,22,Exon,12,TRANSLOCATION,0,23,11,0,0,22
P-0005352-T01-IM5,Exon,3,Intron,3,INVERSION,118651,84,74,254743,57083,79
P-0005493-T01-IM5,Exon,19,Intron,19,DELETION,1410229,102,65,43309137,1803306,110
P-0008942-T01-IM5,Exon,9,Intron,2,TRANSLOCATION,0,17,0,0,0,16
P-0009648-T01-IM5,Intron,19,Exon,17,TRANSLOCATION,0,35,18,0,0,35
P-0002855-T01-IM3,Intron,8,Exon,8,DELETION,33564,17,22,1347302,30408,19
P-0004815-T01-IM5,Intron,15,Exon,12,TRANSLOCATION,0,102,38,0,0,156
P-0004952-T01-IM5,Intron,3,Exon,1,TRANSLOCATION,0,27,0,0,0,26
P-0011149-T01-IM5,Exon,15,Intron,15,INVERSION,8447,27,46,118547,8904,25
P-0005361-T01-IM5,Exon,12,Intron,4,TRANSLOCATION,0,61,65,0,0,61
P-0015531-T01-IM6,Exon,1,Intron,1,DUPLICATION,1943,74,49,57569,1760,72
P-0004815-T01-IM5,Intron,3,Exon,1,TRANSLOCATION,0,93,24,0,0,89
P-0006281-T01-IM5,Exon,X,Intron,X,DUPLICATION,2324,18,18,205717,3245,17
P-0010556-T01-IM5,Exon,15,5_Prime_UTR,15,INVERSION,25909,74,60,2023857,22086,73
P-0023790-T01-IM6,Intron,17,Intron,17,DELETION,277979,36,10,25342391,361542,38
P-0015989-T01-IM6,Intron,15,Intron,12,TRANSLOCATION,0,104,0,0,0,200
P-0016046-T01-IM6,Intron,6,Intron,4,TRANSLOCATION,0,28,10,0,0,27
P-0016311-T01-IM6,Intron,22,Intron,22,DUPLICATION,43222,4,10,8420838,105471,7
P-0023603-T01-IM6,Intron,9,Intron,1,TRANSLOCATION,0,44,10,0,0,44
P-0001437-T01-IM3,Intron,6,Intron,5,TRANSLOCATION,0,10,12,0,0,0
P-0007927-T01-IM5,Intron,12,Intron,12,INVERSION,179735,23,36,9976223,229540,22
P-0003970-T01-IM5,Intron,6,Intron,6,DELETION,268568,24,35,41541956,250331,30
P-0015471-T01-IM6,Intron,8,Intron,3,TRANSLOCATION,0,48,0,0,0,45
P-0012905-T01-IM5,Intron,11,Intron,11,DELETION,375483,20,32,63332806,399641,18
P-0013451-T01-IM5,Intron,6,Intron,6,DELETION,116572,102,211,15150756,62818,437
P-0006826-T01-IM5,Intron,22,Intron,4,TRANSLOCATION,0,18,0,0,0,15
P-0010581-T01-IM5,Intron,2,Intron,2,DELETION,36033,5,7,57966,23624,5
P-0009563-T01-IM5,Intron,19,5_Prime_UTR,19,DELETION,17618,56,57,104466,12855,52
P-0008382-T01-IM5,Intron,19,Promoter,19,DELETION,216464,79,66,14220982,271610,70
P-0007927-T01-IM5,Intron,12,5_Prime_UTR,12,DUPLICATION,107640,23,39,15073033,145594,22
P-0008080-T01-IM5,Intron,3,5_Prime_UTR,3,DELETION,77495,46,56,2711086,64236,42
P-0011192-T01-IM5,Promoter,1,Intron,1,DUPLICATION,378,21,35,48591,684,20
P-0010994-T01-IM5,Intron,22,5_Prime_UTR,22,DUPLICATION,81722,20,23, ,113478,20
P-0002758-T01-IM3,Intron,19,5_Prime_UTR,19,DELETION,7150,10,28,29702,4686,11
P-0021471-T01-IM6,5_Prime_UTR,17,Intron,16,TRANSLOCATION,0,12,10,0,0,12
P-0018568-T01-IM6,5_Prime_UTR,17,Intron,17,DELETION,2281,54,10,352841,5899,59
P-0018216-T01-IM6,Promoter,5,Intron,5,DELETION,21630,3,9,8954595,23287,3